name,phone,website,googlemaps_link,category,zone
Erode Textile Mall Ltd,"
096980 61000",http://www.texvalleyindia.com/,"https://www.google.com/maps/place/Erode+Textile+Mall+Ltd/@11.6526184,77.9906166,11z/data=!4m10!1m2!2m1!1stextile++in+Erode!3m6!1s0x3ba96f36d2115b1b:0x34f11cef2b3392b!8m2!3d11.3490534!4d77.7168984!15sChF0ZXh0aWxlICBpbiBFcm9kZVoSIhB0ZXh0aWxlIGluIGVyb2RlkgEQY29ycG9yYXRlX29mZmljZZoBI0NoWkRTVWhOTUc5blMwVkpRMEZuU1VOd2NHVnVWMGRCRUFF4AEA-gEECAAQDw!16s%2Fg%2F11b63vxrbw?entry=ttu&g_ep=EgoyMDI1MTIwOS4wIKXMDSoASAFQAw%3D%3D",textile ,Erode
sri balaji textiles,"
090037 29267",,"https://www.google.com/maps/place/Erode+Textile+Mall+Ltd/@11.3490534,77.4120278,11z/data=!4m10!1m2!2m1!1stextile++in+Erode!3m6!1s0x3ba96f36d2115b1b:0x34f11cef2b3392b!8m2!3d11.3490534!4d77.7168984!15sChF0ZXh0aWxlICBpbiBFcm9kZVoSIhB0ZXh0aWxlIGluIGVyb2RlkgEQY29ycG9yYXRlX29mZmljZZoBI0NoWkRTVWhOTUc5blMwVkpRMEZuU1VOd2NHVnVWMGRCRUFF4AEA-gEECAAQDw!16s%2Fg%2F11b63vxrbw?entry=ttu&g_ep=EgoyMDI1MTIwOS4wIKXMDSoASAFQAw%3D%3D",textile ,Erode
S Fabs | Fabric Wholesale | Fabric Shop | All types of Fabric Manufacturer,"
087788 34987",https://www.instagram.com/sfabserode/,"https://www.google.com/maps/place/sri+balaji+textiles/@11.3490534,77.4120278,11z/data=!4m10!1m2!2m1!1stextile++in+Erode!3m6!1s0x3ba96f2565c12f11:0x44d09ac92e9ada87!8m2!3d11.3491688!4d77.7033235!15sChF0ZXh0aWxlICBpbiBFcm9kZVoSIhB0ZXh0aWxlIGluIGVyb2RlkgEMdGV4dGlsZV9taWxsmgEkQ2hkRFNVaE5NRzluUzBWUU5sTnJTVmg2YW05UVEzSlJSUkFC4AEA-gEECAAQOg!16s%2Fg%2F11t3gts76d?entry=ttu&g_ep=EgoyMDI1MTIwOS4wIKXMDSoASAFQAw%3D%3D",textile ,Erode
"Manas Matching Centre - Fabrics, Materials, Readymades and Innerwear/Lingerie","
078069 24740",,"https://www.google.com/maps/place/S+Fabs+%7C+Fabric+Wholesale+%7C+Fabric+Shop+%7C+All+types+of+Fabric+Manufacturer/@11.3490534,77.4120278,11z/data=!4m10!1m2!2m1!1stextile++in+Erode!3m6!1s0x3ba96f277efc7f01:0xf927c9a1c446af79!8m2!3d11.342939!4d77.7054214!15sChF0ZXh0aWxlICBpbiBFcm9kZVoSIhB0ZXh0aWxlIGluIGVyb2RlkgEMZmFicmljX3N0b3Jl4AEA!16s%2Fg%2F11l799_z3c?entry=ttu&g_ep=EgoyMDI1MTIwOS4wIKXMDSoASAFQAw%3D%3D",textile ,Erode
S.Kumaran Textiles - Manufacturer of Hotel & Hospital Linens in Erode,"
094430 27475",https://skumarantextileserode.com/,"https://www.google.com/maps/place/Manas+Matching+Centre+-+Fabrics,+Materials,+Readymades+and+Innerwear%2FLingerie/@11.3490534,77.4120278,11z/data=!4m10!1m2!2m1!1stextile++in+Erode!3m6!1s0x3ba96f161c95e32b:0x37644ead46f2374b!8m2!3d11.3344626!4d77.715861!15sChF0ZXh0aWxlICBpbiBFcm9kZVoSIhB0ZXh0aWxlIGluIGVyb2RlkgEMZmFicmljX3N0b3Jl4AEA!16s%2Fg%2F11b6md_m49?entry=ttu&g_ep=EgoyMDI1MTIwOS4wIKXMDSoASAFQAw%3D%3D",textile ,Erode
"SRI SHAKTHI TEX - Melange, Rotto, Bag cotton fabrics, White shirting fabrics, Bedsheets, fabric wholesale shop erode","
097873 10101",http://www.srishakthitex.in/,"https://www.google.com/maps/place/S.Kumaran+Textiles+-+Manufacturer+of+Hotel+%26+Hospital+Linens+in+Erode/@11.3490534,77.4120278,11z/data=!4m10!1m2!2m1!1stextile++in+Erode!3m6!1s0x3ba9690e3936ab4d:0x41d2eb4f7604aa06!8m2!3d11.3592501!4d77.6955814!15sChF0ZXh0aWxlICBpbiBFcm9kZVoSIhB0ZXh0aWxlIGluIGVyb2RlkgEMbGluZW5zX3N0b3Jl4AEA!16s%2Fg%2F11h2bclmbb?entry=ttu&g_ep=EgoyMDI1MTIwOS4wIKXMDSoASAFQAw%3D%3D",textile ,Erode
South Street Textiles,"
063827 19279",http://www.southstreettextiles.com/,"https://www.google.com/maps/place/SRI+SHAKTHI+TEX+-+Melange,+Rotto,+Bag+cotton+fabrics,+White+shirting+fabrics,+Bedsheets,+fabric+wholesale+shop+erode/@11.3490534,77.4120278,11z/data=!4m10!1m2!2m1!1stextile++in+Erode!3m6!1s0x3ba96f38c0e81141:0x12fd26623d8c9512!8m2!3d11.3418224!4d77.7220776!15sChF0ZXh0aWxlICBpbiBFcm9kZVoSIhB0ZXh0aWxlIGluIGVyb2RlkgERZmFicmljX3dob2xlc2FsZXLgAQA!16s%2Fg%2F11c0xh8xx4?entry=ttu&g_ep=EgoyMDI1MTIwOS4wIKXMDSoASAFQAw%3D%3D",textile ,Erode
"SRI SHAKTHI TEX - Melange, Rotto, Bag cotton fabrics, White shirting fabrics, Bedsheets, fabric wholesale shop erode","
097873 10101",http://www.srishakthitex.in/,"https://www.google.com/maps/place/SRI+SHAKTHI+TEX+-+Melange,+Rotto,+Bag+cotton+fabrics,+White+shirting+fabrics,+Bedsheets,+fabric+wholesale+shop+erode/@11.3673827,77.669981,13z/data=!4m10!1m2!2m1!1stextiles+in+Erode!3m6!1s0x3ba96f38c0e81141:0x12fd26623d8c9512!8m2!3d11.3418224!4d77.7220776!15sChF0ZXh0aWxlcyBpbiBFcm9kZVoTIhF0ZXh0aWxlcyBpbiBlcm9kZZIBEWZhYnJpY193aG9sZXNhbGVy4AEA!16s%2Fg%2F11c0xh8xx4?entry=ttu&g_ep=EgoyMDI1MTIwOS4wIKXMDSoASAFQAw%3D%3D",textiles,Erode
S.Kumaran Textiles - Manufacturer of Hotel & Hospital Linens in Erode,"
094430 27475",https://skumarantextileserode.com/,"https://www.google.com/maps/place/SRI+SHAKTHI+TEX+-+Melange,+Rotto,+Bag+cotton+fabrics,+White+shirting+fabrics,+Bedsheets,+fabric+wholesale+shop+erode/@11.3673827,77.669981,13z/data=!4m10!1m2!2m1!1stextiles+in+Erode!3m6!1s0x3ba96f38c0e81141:0x12fd26623d8c9512!8m2!3d11.3418224!4d77.7220776!15sChF0ZXh0aWxlcyBpbiBFcm9kZVoTIhF0ZXh0aWxlcyBpbiBlcm9kZZIBEWZhYnJpY193aG9sZXNhbGVy4AEA!16s%2Fg%2F11c0xh8xx4?entry=ttu&g_ep=EgoyMDI1MTIwOS4wIKXMDSoASAFQAw%3D%3D",textiles,Erode
sri balaji textiles,"
090037 29267",,"https://www.google.com/maps/place/S.Kumaran+Textiles+-+Manufacturer+of+Hotel+%26+Hospital+Linens+in+Erode/@11.3673827,77.669981,13z/data=!4m10!1m2!2m1!1stextiles+in+Erode!3m6!1s0x3ba9690e3936ab4d:0x41d2eb4f7604aa06!8m2!3d11.3592501!4d77.6955814!15sChF0ZXh0aWxlcyBpbiBFcm9kZVoTIhF0ZXh0aWxlcyBpbiBlcm9kZZIBDGxpbmVuc19zdG9yZeABAA!16s%2Fg%2F11h2bclmbb?entry=ttu&g_ep=EgoyMDI1MTIwOS4wIKXMDSoASAFQAw%3D%3D",textiles,Erode
Bapna Textiles,"
098943 01230",,"https://www.google.com/maps/place/sri+balaji+textiles/@11.3673827,77.669981,13z/data=!4m10!1m2!2m1!1stextiles+in+Erode!3m6!1s0x3ba96f2565c12f11:0x44d09ac92e9ada87!8m2!3d11.3491688!4d77.7033235!15sChF0ZXh0aWxlcyBpbiBFcm9kZVoTIhF0ZXh0aWxlcyBpbiBlcm9kZZIBDHRleHRpbGVfbWlsbJoBI0NoWkRTVWhOTUc5blMwVlFZV0Z4WkVkb0xVcG1jMWxuRUFF4AEA-gEECAAQSQ!16s%2Fg%2F11t3gts76d?entry=ttu&g_ep=EgoyMDI1MTIwOS4wIKXMDSoASAFQAw%3D%3D",textiles,Erode
South Street Textiles,"
063827 19279",http://www.southstreettextiles.com/,"https://www.google.com/maps/place/Bapna+Textiles/@11.3673827,77.669981,13z/data=!4m10!1m2!2m1!1stextiles+in+Erode!3m6!1s0x3ba96f46e791ebb1:0xee49dfd98b36299a!8m2!3d11.3420218!4d77.7257968!15sChF0ZXh0aWxlcyBpbiBFcm9kZVoTIhF0ZXh0aWxlcyBpbiBlcm9kZZIBE2Nsb3RoaW5nX3dob2xlc2FsZXKaASNDaFpEU1VoTk1HOW5TMFZKUTBGblNVUXpjWFJoTjAxQkVBReABAPoBBAgAEEQ!16s%2Fg%2F1pyqprgzk?entry=ttu&g_ep=EgoyMDI1MTIwOS4wIKXMDSoASAFQAw%3D%3D",textiles,Erode
S.ravichandran textiles SRT,"
073730 27073",,"https://www.google.com/maps/place/South+Street+Textiles/@11.3673827,77.669981,13z/data=!4m10!1m2!2m1!1stextiles+in+Erode!3m6!1s0x3ba967596e6b5ead:0xc00693b1bd97cdaf!8m2!3d11.3536712!4d77.7564752!15sChF0ZXh0aWxlcyBpbiBFcm9kZVoTIhF0ZXh0aWxlcyBpbiBlcm9kZZIBDG1hbnVmYWN0dXJlcpoBI0NoWkRTVWhOTUc5blMwVkpRMEZuU1VRdGNGcG1MVTkzRUFF4AEA-gEECAAQKg!16s%2Fg%2F11hdsc3k42?entry=ttu&g_ep=EgoyMDI1MTIwOS4wIKXMDSoASAFQAw%3D%3D",textiles,Erode
"NavNidhi Printex (Nighty, Churidar)","
094433 04801",https://omarham.catalog.to/,"https://www.google.com/maps/place/S.ravichandran+textiles+SRT/@11.3673827,77.669981,13z/data=!4m10!1m2!2m1!1stextiles+in+Erode!3m6!1s0x3ba96f87257c0505:0x3a73d1809e4a80b6!8m2!3d11.3533999!4d77.7238967!15sChF0ZXh0aWxlcyBpbiBFcm9kZVoTIhF0ZXh0aWxlcyBpbiBlcm9kZZIBDHRleHRpbGVfbWlsbJoBJENoZERTVWhOTUc5blMwVkpRMEZuU1VSUExUWjVjalZCUlJBQuABAPoBBAgAECU!16s%2Fg%2F11h08j4gr4?entry=ttu&g_ep=EgoyMDI1MTIwOS4wIKXMDSoASAFQAw%3D%3D",textiles,Erode
"Unlimited Fashion Store - Palayapalayam, Erode","
092890 62293",https://unlimitedstores.vmartretail.com/unlimited-fashion-store-palayapalayam-erode-36907/home,"https://www.google.com/maps/place/Unlimited+Fashion+Store+-+Palayapalayam,+Erode/@11.3448994,77.7013933,15z/data=!4m10!1m2!2m1!1sfashion+in+Erode!3m6!1s0x3ba96f83ccc84ea7:0xaf048654d68cd9e3!8m2!3d11.333588!4d77.704435!15sChBmYXNoaW9uIGluIEVyb2RlWhIiEGZhc2hpb24gaW4gZXJvZGWSAQ5jbG90aGluZ19zdG9yZeABAA!16s%2Fg%2F11qbcfwhys?entry=ttu&g_ep=EgoyMDI1MTIwOS4wIKXMDSoASAFQAw%3D%3D",fashion,Erode
Erode,,,"https://www.google.com/maps/place/Unlimited+Fashion+Store+-+Palayapalayam,+Erode/@11.3448994,77.7013933,15z/data=!4m10!1m2!2m1!1sfashion+in+Erode!3m6!1s0x3ba96f83ccc84ea7:0xaf048654d68cd9e3!8m2!3d11.333588!4d77.704435!15sChBmYXNoaW9uIGluIEVyb2RlWhIiEGZhc2hpb24gaW4gZXJvZGWSAQ5jbG90aGluZ19zdG9yZeABAA!16s%2Fg%2F11qbcfwhys?entry=ttu&g_ep=EgoyMDI1MTIwOS4wIKXMDSoASAFQAw%3D%3D",fashion,Erode
"Unlimited Fashion Store - Veerappanchatram, Erode","
098188 10131",https://unlimitedstores.vmartretail.com/unlimited-fashion-store-veerappanchatram-erode-44212/home?utm_source=GBP,"https://www.google.com/maps/place/Erode/@11.3448994,77.7013933,15z/data=!4m10!1m2!2m1!1sfashion+in+Erode!3m6!1s0x3ba96f4fbcee344f:0x49d081388dca6966!8m2!3d11.3393194!4d77.724067!15sChBmYXNoaW9uIGluIEVyb2RlWhIiEGZhc2hpb24gaW4gZXJvZGWSAQ5jbG90aGluZ19zdG9yZeABAA!16s%2Fg%2F11t2xz6c0s?entry=ttu&g_ep=EgoyMDI1MTIwOS4wIKXMDSoASAFQAw%3D%3D",fashion,Erode
Fashion vibes,,,"https://www.google.com/maps/place/Unlimited+Fashion+Store+-+Veerappanchatram,+Erode/@11.3448994,77.7013933,15z/data=!4m10!1m2!2m1!1sfashion+in+Erode!3m6!1s0x3ba96f9d542ade25:0x13f3980f771a5cbe!8m2!3d11.348778!4d77.716611!15sChBmYXNoaW9uIGluIEVyb2RlWhIiEGZhc2hpb24gaW4gZXJvZGWSAQ5jbG90aGluZ19zdG9yZeABAA!16s%2Fg%2F11x5s_x985?entry=ttu&g_ep=EgoyMDI1MTIwOS4wIKXMDSoASAFQAw%3D%3D",fashion,Erode
The Nesavu - Erode,"
095144 35553",https://www.thenesavu.com/,"https://www.google.com/maps/place/Fashion+vibes/@11.3448994,77.7013933,15z/data=!4m10!1m2!2m1!1sfashion+in+Erode!3m6!1s0x3ba96f7ab5ee38cd:0x553b69c32e1fe323!8m2!3d11.3393515!4d77.723032!15sChBmYXNoaW9uIGluIEVyb2RlWhIiEGZhc2hpb24gaW4gZXJvZGWSAQpzaG9lX3N0b3JlmgEkQ2hkRFNVaE5NRzluUzBWSlEwRm5TVVIxTWxsTWNtZDNSUkFC4AEA-gEECAAQNw!16s%2Fg%2F11s6b3h_xt?entry=ttu&g_ep=EgoyMDI1MTIwOS4wIKXMDSoASAFQAw%3D%3D",fashion,Erode
SSV FASHION collection,"
099435 73727",,"https://www.google.com/maps/place/The+Nesavu+-+Erode/@11.3448994,77.7013933,15z/data=!4m10!1m2!2m1!1sfashion+in+Erode!3m6!1s0x3ba96fb6234840ad:0xb928bcf7ad57abeb!8m2!3d11.3291521!4d77.6991145!15sChBmYXNoaW9uIGluIEVyb2RlWhIiEGZhc2hpb24gaW4gZXJvZGWSARhjaGlsZHJlbnNfY2xvdGhpbmdfc3RvcmXgAQA!16s%2Fg%2F11x7hw15ns?entry=ttu&g_ep=EgoyMDI1MTIwOS4wIKXMDSoASAFQAw%3D%3D",fashion,Erode
"HAY! Park Road, ERODE","
093609 54211",http://www.hayclothing.in/,"https://www.google.com/maps/place/SSV+FASHION+collection/@11.3291521,77.6800601,15z/data=!4m10!1m2!2m1!1sfashion+in+Erode!3m6!1s0x3ba969d12e001473:0x135aeafc36abc831!8m2!3d11.3618768!4d77.7119229!15sChBmYXNoaW9uIGluIEVyb2RlWhIiEGZhc2hpb24gaW4gZXJvZGWSAQ5jbG90aGluZ19zdG9yZZoBI0NoWkRTVWhOTUc5blMwVkpRMEZuU1VSTWExcDVTa0ozRUFF4AEA-gEECAAQLw!16s%2Fg%2F11s1p37q_q?entry=ttu&g_ep=EgoyMDI1MTIwOS4wIKXMDSoASAFQAw%3D%3D",fashion,Erode
APK TEX - Erode,"
074484 86666",,"https://www.google.com/maps/place/APK+TEX+-+Erode/@11.3619185,77.6928685,15z/data=!4m10!1m2!2m1!1stex+in+Erode!3m6!1s0x3ba96f1363b6c2ff:0xfaa850cf3b1d6245!8m2!3d11.3401887!4d77.7244029!15sCgx0ZXggaW4gRXJvZGVaDiIMdGV4IGluIGVyb2RlkgEKc2FyZWVfc2hvcOABAA!16s%2Fg%2F11q961yp4g?entry=ttu&g_ep=EgoyMDI1MTIwOS4wIKXMDSoASAFQAw%3D%3D",tex,Erode
"SRI SHAKTHI TEX - Melange, Rotto, Bag cotton fabrics, White shirting fabrics, Bedsheets, fabric wholesale shop erode","
097873 10101",http://www.srishakthitex.in/,"https://www.google.com/maps/place/APK+TEX+-+Erode/@11.3401887,77.7053485,15z/data=!4m10!1m2!2m1!1stex+in+Erode!3m6!1s0x3ba96f1363b6c2ff:0xfaa850cf3b1d6245!8m2!3d11.3401887!4d77.7244029!15sCgx0ZXggaW4gRXJvZGVaDiIMdGV4IGluIGVyb2RlkgEKc2FyZWVfc2hvcOABAA!16s%2Fg%2F11q961yp4g?entry=ttu&g_ep=EgoyMDI1MTIwOS4wIKXMDSoASAFQAw%3D%3D",tex,Erode
Siragiri Kandhan Tex - SK Tex,,,"https://www.google.com/maps/place/SRI+SHAKTHI+TEX+-+Melange,+Rotto,+Bag+cotton+fabrics,+White+shirting+fabrics,+Bedsheets,+fabric+wholesale+shop+erode/@11.3401887,77.7053485,15z/data=!4m10!1m2!2m1!1stex+in+Erode!3m6!1s0x3ba96f38c0e81141:0x12fd26623d8c9512!8m2!3d11.3418224!4d77.7220776!15sCgx0ZXggaW4gRXJvZGVaDiIMdGV4IGluIGVyb2RlkgERZmFicmljX3dob2xlc2FsZXLgAQA!16s%2Fg%2F11c0xh8xx4?entry=ttu&g_ep=EgoyMDI1MTIwOS4wIKXMDSoASAFQAw%3D%3D",tex,Erode
"J Tex, Erode","
090035 77778",,"https://www.google.com/maps/place/Siragiri+Kandhan+Tex+-+SK+Tex/@11.3401887,77.7053485,15z/data=!4m10!1m2!2m1!1stex+in+Erode!3m6!1s0x3ba96fd3050a4261:0x6f2aba70d1c2e031!8m2!3d11.3420457!4d77.7246789!15sCgx0ZXggaW4gRXJvZGVaDiIMdGV4IGluIGVyb2RlkgETY2xvdGhpbmdfd2hvbGVzYWxlcpoBJENoZERTVWhOTUc5blMwVkpRMEZuU1VRNWR6WmZVRFpCUlJBQuABAPoBBAhJEDA!16s%2Fg%2F11sjgc01sd?entry=ttu&g_ep=EgoyMDI1MTIwOS4wIKXMDSoASAFQAw%3D%3D",tex,Erode
S.V.N Tex,"
094430 30261",,"https://www.google.com/maps/place/J+Tex,+Erode/@11.3401887,77.7053485,15z/data=!4m10!1m2!2m1!1stex+in+Erode!3m6!1s0x3ba96fdc55f8b337:0xbb95f04ac861ea3d!8m2!3d11.3415397!4d77.6885158!15sCgx0ZXggaW4gRXJvZGWSAR9jbG90aGVzX2FuZF9mYWJyaWNfbWFudWZhY3R1cmVy4AEA!16s%2Fg%2F11j0qg3stq?entry=ttu&g_ep=EgoyMDI1MTIwOS4wIKXMDSoASAFQAw%3D%3D",tex,Erode
Texvalley,"
096881 28555",http://www.texvalleyindia.com/,"https://www.google.com/maps/place/S.V.N+Tex/@11.3415397,77.6694614,15z/data=!4m10!1m2!2m1!1stex+in+Erode!3m6!1s0x3ba96fe3183f475b:0xb0a2e91fa1c82fec!8m2!3d11.3403858!4d77.7262905!15sCgx0ZXggaW4gRXJvZGVaDiIMdGV4IGluIGVyb2RlkgETY2xvdGhpbmdfd2hvbGVzYWxlcuABAA!16s%2Fg%2F11spxf__7k?entry=ttu&g_ep=EgoyMDI1MTIwOS4wIKXMDSoASAFQAw%3D%3D",tex,Erode
THE CLASSIC CREATION,"
093456 78353",,"https://www.google.com/maps/place/THE+CLASSIC+CREATION/@11.3724457,77.5973258,13z/data=!4m10!1m2!2m1!1screation+in+Erode!3m6!1s0x3ba96f569c59fc35:0x1580d4fa4da40cc5!8m2!3d11.3521044!4d77.7414321!15sChFjcmVhdGlvbiBpbiBFcm9kZVoTIhFjcmVhdGlvbiBpbiBlcm9kZZIBD2RpZ2l0YWxfcHJpbnRlcpoBJENoZERTVWhOTUc5blMwVkpRMEZuU1VONE5rcHljVzFuUlJBQuABAPoBBAgAEEA!16s%2Fg%2F11cmyv7twt?entry=ttu&g_ep=EgoyMDI1MTIwOS4wIKXMDSoASAFQAw%3D%3D",creation,Erode
Textile Creations (India) Pvt Ltd,"
0424 221 0653",http://www.textilecreations.net/,"https://www.google.com/maps/place/THE+CLASSIC+CREATION/@11.3724457,77.5973258,13z/data=!4m10!1m2!2m1!1screation+in+Erode!3m6!1s0x3ba96f569c59fc35:0x1580d4fa4da40cc5!8m2!3d11.3521044!4d77.7414321!15sChFjcmVhdGlvbiBpbiBFcm9kZVoTIhFjcmVhdGlvbiBpbiBlcm9kZZIBD2RpZ2l0YWxfcHJpbnRlcpoBJENoZERTVWhOTUc5blMwVkpRMEZuU1VONE5rcHljVzFuUlJBQuABAPoBBAgAEEA!16s%2Fg%2F11cmyv7twt?entry=ttu&g_ep=EgoyMDI1MTIwOS4wIKXMDSoASAFQAw%3D%3D",creation,Erode
VAANAM CREATIONS ERODE,"
096264 93919",http://www.vaanamcreations.com/,"https://www.google.com/maps/place/Textile+Creations+(India)+Pvt+Ltd/@11.3724457,77.5973258,13z/data=!4m10!1m2!2m1!1screation+in+Erode!3m6!1s0x3ba96f5cc45d0723:0x1805410b35924976!8m2!3d11.3390268!4d77.7346504!15sChFjcmVhdGlvbiBpbiBFcm9kZZIBDG1hbnVmYWN0dXJlcuABAA!16s%2Fg%2F11bwff353y?entry=ttu&g_ep=EgoyMDI1MTIwOS4wIKXMDSoASAFQAw%3D%3D",creation,Erode
Image Creations,"
096884 51731",,"https://www.google.com/maps/place/VAANAM+CREATIONS+ERODE/@11.3724457,77.5973258,13z/data=!4m10!1m2!2m1!1screation+in+Erode!3m6!1s0x3ba96f833fb43af7:0x96e5b094ec26d17e!8m2!3d11.3518782!4d77.6948864!15sChFjcmVhdGlvbiBpbiBFcm9kZVoTIhFjcmVhdGlvbiBpbiBlcm9kZZIBCWdpZnRfc2hvcOABAA!16s%2Fg%2F11nxv8jtd5?entry=ttu&g_ep=EgoyMDI1MTIwOS4wIKXMDSoASAFQAw%3D%3D",creation,Erode
Vipin Creation Private Limited,"
076679 76667",,"https://www.google.com/maps/place/Image+Creations/@11.3724457,77.5973258,13z/data=!4m10!1m2!2m1!1screation+in+Erode!3m6!1s0x3ba96f1e2a7d0a67:0x88dae63baaa8789d!8m2!3d11.3354295!4d77.7095799!15sChFjcmVhdGlvbiBpbiBFcm9kZVoTIhFjcmVhdGlvbiBpbiBlcm9kZZIBCWdpZnRfc2hvcOABAA!16s%2Fg%2F11gh2wk3q0?entry=ttu&g_ep=EgoyMDI1MTIwOS4wIKXMDSoASAFQAw%3D%3D",creation,Erode
Tailors Creations Pvt LTD.,,,"https://www.google.com/maps/place/Vipin+Creation+Private+Limited/@11.3724457,77.5973258,13z/data=!4m10!1m2!2m1!1screation+in+Erode!3m6!1s0x3ba96f455e9a9311:0x8d6f0974ab3fe28f!8m2!3d11.3460835!4d77.7325778!15sChFjcmVhdGlvbiBpbiBFcm9kZZIBH2Nsb3RoZXNfYW5kX2ZhYnJpY19tYW51ZmFjdHVyZXLgAQA!16s%2Fg%2F1v44nvy2?entry=ttu&g_ep=EgoyMDI1MTIwOS4wIKXMDSoASAFQAw%3D%3D",creation,Erode
Nethra Textile Creation,"
0424 222 2289",,"https://www.google.com/maps/place/Tailors+Creations+Pvt+LTD./@11.3724457,77.5973258,13z/data=!4m10!1m2!2m1!1screation+in+Erode!3m6!1s0x3ba90d269745c031:0x7bc3fee636b249a6!8m2!3d11.2209849!4d77.5464862!15sChFjcmVhdGlvbiBpbiBFcm9kZVoTIhFjcmVhdGlvbiBpbiBlcm9kZZIBG2ZhYnJpY19wcm9kdWN0X21hbnVmYWN0dXJlcpoBJENoZERTVWhOTUc5blMwVkpRMEZuU1VNdGFFMVVUbmxSUlJBQuABAPoBBAgAECA!16s%2Fg%2F11c6th70hs?entry=ttu&g_ep=EgoyMDI1MTIwOS4wIKXMDSoASAFQAw%3D%3D",creation,Erode
Indian weaving mills,"
090035 21830",https://www.indianweavingmills.com/,"https://www.google.com/maps/place/Indian+weaving+mills/@11.2213578,77.3466586,11z/data=!4m10!1m2!2m1!1sweaving+in+Erode!3m6!1s0x3ba96fb1badcd875:0xb19bea4f2d580a17!8m2!3d11.3418752!4d77.7318001!15sChB3ZWF2aW5nIGluIEVyb2RlWhIiEHdlYXZpbmcgaW4gZXJvZGWSAR9jbG90aGVzX2FuZF9mYWJyaWNfbWFudWZhY3R1cmVy4AEA!16s%2Fg%2F11rx0n6d63?entry=ttu&g_ep=EgoyMDI1MTIwOS4wIKXMDSoASAFQAw%3D%3D",weaving,Erode
Cheran Weaves India Private Limited,"
098427 42102",http://cheranweaves.com/,"https://www.google.com/maps/place/Indian+weaving+mills/@11.2213578,77.3466586,11z/data=!4m10!1m2!2m1!1sweaving+in+Erode!3m6!1s0x3ba96fb1badcd875:0xb19bea4f2d580a17!8m2!3d11.3418752!4d77.7318001!15sChB3ZWF2aW5nIGluIEVyb2RlWhIiEHdlYXZpbmcgaW4gZXJvZGWSAR9jbG90aGVzX2FuZF9mYWJyaWNfbWFudWZhY3R1cmVy4AEA!16s%2Fg%2F11rx0n6d63?entry=ttu&g_ep=EgoyMDI1MTIwOS4wIKXMDSoASAFQAw%3D%3D",weaving,Erode
JJ WEAVING MILLS,"
077085 31119",,"https://www.google.com/maps/place/Cheran+Weaves+India+Private+Limited/@11.2213578,77.3466586,11z/data=!4m10!1m2!2m1!1sweaving+in+Erode!3m6!1s0x3ba967e64f964f27:0xa83dc359020f2634!8m2!3d11.3656456!4d77.7520276!15sChB3ZWF2aW5nIGluIEVyb2RlkgEMd2VhdmluZ19taWxs4AEA!16s%2Fg%2F11r9v8hckt?entry=ttu&g_ep=EgoyMDI1MTIwOS4wIKXMDSoASAFQAw%3D%3D",weaving,Erode
SSV Textiles Spinning and Weaving Mill,"
099769 25777",http://www.ssvtextiles.com/,"https://www.google.com/maps/place/JJ+WEAVING+MILLS/@11.2213578,77.3466586,11z/data=!4m10!1m2!2m1!1sweaving+in+Erode!3m6!1s0x3ba96fc1c5684819:0xbc79082091afc2c5!8m2!3d11.3429528!4d77.7261162!15sChB3ZWF2aW5nIGluIEVyb2RlWhIiEHdlYXZpbmcgaW4gZXJvZGWSAQx0ZXh0aWxlX21pbGyaASNDaFpEU1VoTk1HOW5TMFZKUTBGblRVTnZMVzgyVGxGUkVBReABAPoBBAgAEAw!16s%2Fg%2F11rlvxnhzk?entry=ttu&g_ep=EgoyMDI1MTIwOS4wIKXMDSoASAFQAw%3D%3D",weaving,Erode
Maharaja Spinning Mills Private Limited,,,"https://www.google.com/maps/place/SSV+Textiles+Spinning+and+Weaving+Mill/@11.2213578,77.3466586,11z/data=!4m10!1m2!2m1!1sweaving+in+Erode!3m6!1s0x3ba9695b33784719:0x8f8ad2d5e827b1c2!8m2!3d11.3571379!4d77.6779808!15sChB3ZWF2aW5nIGluIEVyb2RlWhIiEHdlYXZpbmcgaW4gZXJvZGWSAQx0ZXh0aWxlX21pbGzgAQA!16s%2Fg%2F11m__8zqxl?entry=ttu&g_ep=EgoyMDI1MTIwOS4wIKXMDSoASAFQAw%3D%3D",weaving,Erode
Sri Kalyan Export Private Limited,"
096775 53377",https://www.srikalyanexportindia.com/,"https://www.google.com/maps/place/Maharaja+Spinning+Mills+Private+Limited/@11.2213578,77.3466586,11z/data=!4m10!1m2!2m1!1sweaving+in+Erode!3m6!1s0x3ba96f47b2701c41:0x13c138265481e6a1!8m2!3d11.3440274!4d77.7252078!15sChB3ZWF2aW5nIGluIEVyb2RlkgELY290dG9uX21pbGzgAQA!16s%2Fg%2F11nnv_4fjj?entry=ttu&g_ep=EgoyMDI1MTIwOS4wIKXMDSoASAFQAw%3D%3D",weaving,Erode
Rithik sizing Mills India Pvt ltd,"
099944 55610",,"https://www.google.com/maps/place/Sri+Kalyan+Export+Private+Limited/@11.2213578,77.3466586,11z/data=!4m10!1m2!2m1!1sweaving+in+Erode!3m6!1s0x3ba96f4699a3f265:0x624620773a52d00f!8m2!3d11.338384!4d77.6784267!15sChB3ZWF2aW5nIGluIEVyb2RlWhIiEHdlYXZpbmcgaW4gZXJvZGWSAQxtYW51ZmFjdHVyZXKaAURDaTlEUVVsUlFVTnZaRU5vZEhsalJqbHZUMjVzWVZkcmJHeE5hVEUwVWxaT05tTlhUbWhQVnpsTVlWaEtUVkpXUlJBQuABAPoBBAgAECk!16s%2Fg%2F1hc6xjt1_?entry=ttu&g_ep=EgoyMDI1MTIwOS4wIKXMDSoASAFQAw%3D%3D",weaving,Erode
Sivakami Handloom,"
093456 67779",,"https://www.google.com/maps/place/Sivakami+Handloom/@11.2219409,77.346658,11z/data=!4m10!1m2!2m1!1shandloom+in+Erode!3m6!1s0x3ba96fc05c082c1d:0xe8c087b58f6771e2!8m2!3d11.3338564!4d77.7137015!15sChFoYW5kbG9vbSBpbiBFcm9kZVoTIhFoYW5kbG9vbSBpbiBlcm9kZZIBHWNsb3RoZXNfYW5kX2ZhYnJpY193aG9sZXNhbGVymgEjQ2haRFNVaE5NRzluUzBWSlEwRm5TVVJYTnpoZmJVTkJFQUXgAQD6AQQIABAr!16s%2Fg%2F11rv30951h?entry=ttu&g_ep=EgoyMDI1MTIwOS4wIKXMDSoASAFQAw%3D%3D",handloom,Erode
Mahaveer Handloom Textiles,"
086673 73860",,"https://www.google.com/maps/place/Sivakami+Handloom/@11.2219409,77.346658,11z/data=!4m10!1m2!2m1!1shandloom+in+Erode!3m6!1s0x3ba96fc05c082c1d:0xe8c087b58f6771e2!8m2!3d11.3338564!4d77.7137015!15sChFoYW5kbG9vbSBpbiBFcm9kZVoTIhFoYW5kbG9vbSBpbiBlcm9kZZIBHWNsb3RoZXNfYW5kX2ZhYnJpY193aG9sZXNhbGVymgEjQ2haRFNVaE5NRzluUzBWSlEwRm5TVVJYTnpoZmJVTkJFQUXgAQD6AQQIABAr!16s%2Fg%2F11rv30951h?entry=ttu&g_ep=EgoyMDI1MTIwOS4wIKXMDSoASAFQAw%3D%3D",handloom,Erode
"Handloom towels,Sri Shanthi Textiles, Easwaran kovil street Erode","
095435 79324",,"https://www.google.com/maps/place/Mahaveer+Handloom+Textiles/@11.2219409,77.346658,11z/data=!4m10!1m2!2m1!1shandloom+in+Erode!3m6!1s0x3ba96f4655c4850d:0x35b8584e1b32f13f!8m2!3d11.3433468!4d77.7254813!15sChFoYW5kbG9vbSBpbiBFcm9kZZIBH2Nsb3RoZXNfYW5kX2ZhYnJpY19tYW51ZmFjdHVyZXLgAQA!16s%2Fg%2F11c76dmsh1?entry=ttu&g_ep=EgoyMDI1MTIwOS4wIKXMDSoASAFQAw%3D%3D",handloom,Erode
M.R.HANDLOOMS Pallipalayam,"
04288 246 413",,"https://www.google.com/maps/place/Handloom+towels,Sri+Shanthi+Textiles,+Easwaran+kovil+street+Erode/@11.2219409,77.346658,11z/data=!4m10!1m2!2m1!1shandloom+in+Erode!3m6!1s0x3ba96f46958706a9:0x1e726b7aa7c062cf!8m2!3d11.3416753!4d77.72726!15sChFoYW5kbG9vbSBpbiBFcm9kZVoTIhFoYW5kbG9vbSBpbiBlcm9kZZIBEHRleHRpbGVfZXhwb3J0ZXKaASNDaFpEU1VoTk1HOW5TMFZKUTBGblNVTk9YemxIVjBObkVBReABAPoBBAgAEC4!16s%2Fg%2F11ddwxd342?entry=ttu&g_ep=EgoyMDI1MTIwOS4wIKXMDSoASAFQAw%3D%3D",handloom,Erode
P.K.Murugan & Co,,,"https://www.google.com/maps/place/M.R.HANDLOOMS+Pallipalayam/@11.2219409,77.346658,11z/data=!4m10!1m2!2m1!1shandloom+in+Erode!3m6!1s0x3ba965e31ef60f4f:0x869b7ff4783753f0!8m2!3d11.3553481!4d77.7586321!15sChFoYW5kbG9vbSBpbiBFcm9kZZIBDmNsb3RoaW5nX3N0b3Jl4AEA!16s%2Fg%2F11d_1t1964?entry=ttu&g_ep=EgoyMDI1MTIwOS4wIKXMDSoASAFQAw%3D%3D",handloom,Erode
Pushpendra Handloom,"
094430 25748",,"https://www.google.com/maps/place/P.K.Murugan+%26+Co/@11.2219409,77.346658,11z/data=!4m10!1m2!2m1!1shandloom+in+Erode!3m6!1s0x3ba96f4758695a2f:0x1a5cf69d8365ae4d!8m2!3d11.3412308!4d77.7224386!15sChFoYW5kbG9vbSBpbiBFcm9kZVoTIhFoYW5kbG9vbSBpbiBlcm9kZZIBDmNsb3RoaW5nX3N0b3Jl4AEA!16s%2Fg%2F11b6dws1rw?entry=ttu&g_ep=EgoyMDI1MTIwOS4wIKXMDSoASAFQAw%3D%3D",handloom,Erode
LIBERTY TOWELS (P) LTD,"
073737 38988",http://libertytowels.com/,"https://www.google.com/maps/place/LIBERTY+TOWELS+(P)+LTD/@11.3631467,77.6586852,13z/data=!4m10!1m2!2m1!1stowels+in+Erode!3m6!1s0x3ba96f3c9f31235f:0x3d5f663fa23a8425!8m2!3d11.3397722!4d77.7123149!15sCg90b3dlbHMgaW4gRXJvZGVaESIPdG93ZWxzIGluIGVyb2RlkgEQdGV4dGlsZV9leHBvcnRlcpoBI0NoWkRTVWhOTUc5blMwVkpRMEZuU1VSb04xbzJiMkozRUFF4AEA-gEECAAQOg!16s%2Fg%2F11bvt31pd0?entry=ttu&g_ep=EgoyMDI1MTIwOS4wIKXMDSoASAFQAw%3D%3D",towels,Erode
"Vinayaga Textiles - ""Vtex""","
098432 71234",http://vtexerode.in/,"https://www.google.com/maps/place/LIBERTY+TOWELS+(P)+LTD/@11.3631467,77.6586852,13z/data=!4m10!1m2!2m1!1stowels+in+Erode!3m6!1s0x3ba96f3c9f31235f:0x3d5f663fa23a8425!8m2!3d11.3397722!4d77.7123149!15sCg90b3dlbHMgaW4gRXJvZGVaESIPdG93ZWxzIGluIGVyb2RlkgEQdGV4dGlsZV9leHBvcnRlcpoBI0NoWkRTVWhOTUc5blMwVkpRMEZuU1VSb04xbzJiMkozRUFF4AEA-gEECAAQOg!16s%2Fg%2F11bvt31pd0?entry=ttu&g_ep=EgoyMDI1MTIwOS4wIKXMDSoASAFQAw%3D%3D",towels,Erode
Meenu's Manchesters,"
095663 00002",http://www.meenus.in/,"https://www.google.com/maps/place/Vinayaga+Textiles+-+%22Vtex%22/@11.3631467,77.6586852,13z/data=!4m10!1m2!2m1!1stowels+in+Erode!3m6!1s0x3ba96f468e6b520d:0x96c821bb4271310a!8m2!3d11.3417386!4d77.7256176!15sCg90b3dlbHMgaW4gRXJvZGVaESIPdG93ZWxzIGluIGVyb2RlkgERZmFicmljX3dob2xlc2FsZXKaASNDaFpEU1VoTk1HOW5TMFZKUTBGblNVUk1OWE5mUzJGQkVBReABAPoBBAgAECM!16s%2Fg%2F11b6s3lgjl?entry=ttu&g_ep=EgoyMDI1MTIwOS4wIKXMDSoASAFQAw%3D%3D",towels,Erode
sri balaji textiles,"
090037 29267",,"https://www.google.com/maps/place/Meenu's+Manchesters/@11.3631467,77.6586852,13z/data=!4m10!1m2!2m1!1stowels+in+Erode!3m6!1s0x3ba96ed866eda729:0x65e45b571f245c3d!8m2!3d11.3343292!4d77.7147039!15sCg90b3dlbHMgaW4gRXJvZGVaESIPdG93ZWxzIGluIGVyb2RlkgEQY29ycG9yYXRlX29mZmljZZoBJENoZERTVWhOTUc5blMwVkpRMEZuU1VSR01qUnRWM1JSUlJBQuABAPoBBAgAEDQ!16s%2Fg%2F11cmr0b5y7?entry=ttu&g_ep=EgoyMDI1MTIwOS4wIKXMDSoASAFQAw%3D%3D",towels,Erode
S.Kumaran Textiles - Manufacturer of Hotel & Hospital Linens in Erode,"
094430 27475",https://skumarantextileserode.com/,"https://www.google.com/maps/place/sri+balaji+textiles/@11.3631467,77.6586852,13z/data=!4m10!1m2!2m1!1stowels+in+Erode!3m6!1s0x3ba96f2565c12f11:0x44d09ac92e9ada87!8m2!3d11.3491688!4d77.7033235!15sCg90b3dlbHMgaW4gRXJvZGVaESIPdG93ZWxzIGluIGVyb2RlkgEMdGV4dGlsZV9taWxsmgFEQ2k5RFFVbFJRVU52WkVOb2RIbGpSamx2VDJ0NE1sUXdhM2RhVlVVeFpXeFpkMlZIWkRWUmJGSlFVVmR6TVUxWVl4QULgAQD6AQQIABA9!16s%2Fg%2F11t3gts76d?entry=ttu&g_ep=EgoyMDI1MTIwOS4wIKXMDSoASAFQAw%3D%3D",towels,Erode
"ONESOURCE INTERNATIONAL PRIVATE LIMITED (HOME, HOTEL/HOSPITAL BED & BATH LINEN MANUFACTURER)","
093885 36000",http://www.onesourcelinen.com/,"https://www.google.com/maps/place/S.Kumaran+Textiles+-+Manufacturer+of+Hotel+%26+Hospital+Linens+in+Erode/@11.3631467,77.6586852,13z/data=!4m10!1m2!2m1!1stowels+in+Erode!3m6!1s0x3ba9690e3936ab4d:0x41d2eb4f7604aa06!8m2!3d11.3592501!4d77.6955814!15sCg90b3dlbHMgaW4gRXJvZGVaESIPdG93ZWxzIGluIGVyb2RlkgEMbGluZW5zX3N0b3Jl4AEA!16s%2Fg%2F11h2bclmbb?entry=ttu&g_ep=EgoyMDI1MTIwOS4wIKXMDSoASAFQAw%3D%3D",towels,Erode
baSkaR'S SRS Lungi Company,"
098424 76515",https://srstextiles.com/,"https://www.google.com/maps/place/baSkaR'S+SRS+Lungi+Company/@11.3633093,77.6586852,13z/data=!4m10!1m2!2m1!1slungi+in+Erode!3m6!1s0x3ba96f4661a7c403:0x2b0a47d1a19ff846!8m2!3d11.3435214!4d77.7268959!15sCg5sdW5naSBpbiBFcm9kZVoQIg5sdW5naSBpbiBlcm9kZZIBFGNsb3RoaW5nX21hbnVmYWN0dXJlmgEjQ2haRFNVaE5NRzluUzBWSlEwRm5TVU5pY2pscFFrMUJFQUXgAQD6AQQIABBF!16s%2Fg%2F11bytn2dgs?entry=ttu&g_ep=EgoyMDI1MTIwOS4wIKXMDSoASAFQAw%3D%3D",lungi,Erode
K K Balusamy & Co - Premium Printed Lungi Manufacturers in Erode,"
098432 22262",https://kkbstore.com/,"https://www.google.com/maps/place/baSkaR'S+SRS+Lungi+Company/@11.3633093,77.6586852,13z/data=!4m10!1m2!2m1!1slungi+in+Erode!3m6!1s0x3ba96f4661a7c403:0x2b0a47d1a19ff846!8m2!3d11.3435214!4d77.7268959!15sCg5sdW5naSBpbiBFcm9kZVoQIg5sdW5naSBpbiBlcm9kZZIBFGNsb3RoaW5nX21hbnVmYWN0dXJlmgEjQ2haRFNVaE5NRzluUzBWSlEwRm5TVU5pY2pscFFrMUJFQUXgAQD6AQQIABBF!16s%2Fg%2F11bytn2dgs?entry=ttu&g_ep=EgoyMDI1MTIwOS4wIKXMDSoASAFQAw%3D%3D",lungi,Erode
MKS CLOTHING COMPANY SINCE 1972 - SHIRT - LUNGI & DHOTI MANUFACTURERS,"
088707 75609",http://www.willmaxclothing.com/,"https://www.google.com/maps/place/MKS+CLOTHING+COMPANY+SINCE+1972+-+SHIRT+-+LUNGI+%26+DHOTI+MANUFACTURERS/@11.3633093,77.6586852,13z/data=!4m10!1m2!2m1!1slungi+in+Erode!3m6!1s0x3ba96f337d4f3aa3:0x800c14d86342c173!8m2!3d11.3436551!4d77.7269327!15sCg5sdW5naSBpbiBFcm9kZVoQIg5sdW5naSBpbiBlcm9kZZIBFGNsb3RoaW5nX21hbnVmYWN0dXJlmgEkQ2hkRFNVaE5NRzluUzBWSlEwRm5TVVF5T1dKaWJuQlJSUkFC4AEA-gEECAAQDg!16s%2Fg%2F11dxc8jpkn?entry=ttu&g_ep=EgoyMDI1MTIwOS4wIKXMDSoASAFQAw%3D%3D",lungi,Erode
Kannan Mil - Fancy Lungi Manufacturers,"
098427 27000",,"https://www.google.com/maps/place/MKS+CLOTHING+COMPANY+SINCE+1972+-+SHIRT+-+LUNGI+%26+DHOTI+MANUFACTURERS/@11.3633093,77.6586852,13z/data=!4m10!1m2!2m1!1slungi+in+Erode!3m6!1s0x3ba96f337d4f3aa3:0x800c14d86342c173!8m2!3d11.3436551!4d77.7269327!15sCg5sdW5naSBpbiBFcm9kZVoQIg5sdW5naSBpbiBlcm9kZZIBFGNsb3RoaW5nX21hbnVmYWN0dXJlmgEkQ2hkRFNVaE5NRzluUzBWSlEwRm5TVVF5T1dKaWJuQlJSUkFC4AEA-gEECAAQDg!16s%2Fg%2F11dxc8jpkn?entry=ttu&g_ep=EgoyMDI1MTIwOS4wIKXMDSoASAFQAw%3D%3D",lungi,Erode
"Mohra Mart Lungis, Dhotis, Mundus","
097872 94290",https://www.smartbiz.in/MohraMart,"https://www.google.com/maps/place/Kannan+Mil+-+Fancy+Lungi+Manufacturers/@11.3633093,77.6586852,13z/data=!4m10!1m2!2m1!1slungi+in+Erode!3m6!1s0x3ba96f46d1a9ab0d:0xc68690c076399689!8m2!3d11.3411664!4d77.7251454!15sCg5sdW5naSBpbiBFcm9kZZIBFGNsb3RoaW5nX21hbnVmYWN0dXJl4AEA!16s%2Fg%2F11bzx97dvr?entry=ttu&g_ep=EgoyMDI1MTIwOS4wIKXMDSoASAFQAw%3D%3D",lungi,Erode
LUNGI STREET,,,"https://www.google.com/maps/place/Mohra+Mart+Lungis,+Dhotis,+Mundus/@11.3633093,77.6586852,13z/data=!4m10!1m2!2m1!1slungi+in+Erode!3m6!1s0x3ba96f2c8454cecd:0xc0e6d69aa2fb5f80!8m2!3d11.3433139!4d77.7244931!15sCg5sdW5naSBpbiBFcm9kZVoQIg5sdW5naSBpbiBlcm9kZZIBFGNsb3RoaW5nX21hbnVmYWN0dXJl4AEA!16s%2Fg%2F11l1mc9qvd?entry=ttu&g_ep=EgoyMDI1MTIwOS4wIKXMDSoASAFQAw%3D%3D",lungi,Erode
"Krishna tex - Towel & Lungi Manufactures, wholesaler Pallipalayam, Erode கிருஷ்ணா டெக்ஸ் - துண்டு & லுங்கி உற்பத்தியாளர்கள்","
098651 04402",,"https://www.google.com/maps/place/LUNGI+STREET/@11.3633093,77.6586852,13z/data=!4m10!1m2!2m1!1slungi+in+Erode!3m6!1s0x3ba96fab814fb2f7:0xf6539c294a059ab6!8m2!3d11.3438456!4d77.7268531!15sCg5sdW5naSBpbiBFcm9kZVoQIg5sdW5naSBpbiBlcm9kZZIBDG1hbnVmYWN0dXJlcpoBJENoZERTVWhOTUc5blMwVkpRMEZuU1VSbGVEZFFTM0IzUlJBQuABAPoBBQjoARAW!16s%2Fg%2F11jylf9cjk?entry=ttu&g_ep=EgoyMDI1MTIwOS4wIKXMDSoASAFQAw%3D%3D",lungi,Erode
Shiva Lungi Company,"
090258 22304",,"https://www.google.com/maps/place/Krishna+tex+-+Towel+%26+Lungi+Manufactures,+wholesaler+Pallipalayam,+Erode+%E0%AE%95%E0%AE%BF%E0%AE%B0%E0%AF%81%E0%AE%B7%E0%AF%8D%E0%AE%A3%E0%AE%BE+%E0%AE%9F%E0%AF%86%E0%AE%95%E0%AF%8D%E0%AE%B8%E0%AF%8D+-+%E0%AE%A4%E0%AF%81%E0%AE%A3%E0%AF%8D%E0%AE%9F%E0%AF%81+%26+%E0%AE%B2%E0%AF%81%E0%AE%99%E0%AF%8D%E0%AE%95%E0%AE%BF+%E0%AE%89%E0%AE%B1%E0%AF%8D%E0%AE%AA%E0%AE%A4%E0%AF%8D%E0%AE%A4%E0%AE%BF%E0%AE%AF%E0%AE%BE%E0%AE%B3%E0%AE%B0%E0%AF%8D%E0%AE%95%E0%AE%B3%E0%AF%8D/@11.3633093,77.6586852,13z/data=!4m10!1m2!2m1!1slungi+in+Erode!3m6!1s0x3ba96946dacc444d:0x70a80b35cd3f1501!8m2!3d11.3799116!4d77.7385478!15sCg5sdW5naSBpbiBFcm9kZZIBEHRleHRpbGVfZXhwb3J0ZXLgAQA!16s%2Fg%2F11wbylcv96?entry=ttu&g_ep=EgoyMDI1MTIwOS4wIKXMDSoASAFQAw%3D%3D",lungi,Erode
Prabhu Mills-Best Dhoti Manufacturers|Kaavi Kids Dhoti|Kurta|Kerala Saree Settu Mundu|Wedding Sarees Wholesalers Retailers,"
098437 18585",https://www.prabhumills.in/,"https://www.google.com/maps/place/Shiva+Lungi+Company/@11.3633093,77.6586852,13z/data=!4m10!1m2!2m1!1slungi+in+Erode!3m6!1s0x3ba968a2730a90e3:0x63912adbc0ff364b!8m2!3d11.3683948!4d77.7428709!15sCg5sdW5naSBpbiBFcm9kZVoQIg5sdW5naSBpbiBlcm9kZZIBDG1hbnVmYWN0dXJlcpoBI0NoWkRTVWhOTUc5blMwVkpRMEZuU1VNMU16Z3RaV1JSRUFF4AEA-gEECAAQDw!16s%2Fg%2F11c1q7_xkm?entry=ttu&g_ep=EgoyMDI1MTIwOS4wIKXMDSoASAFQAw%3D%3D",lungi,Erode
KIBS LUNGIES,,http://www.kibs.co.in/,"https://www.google.com/maps/place/KIBS+LUNGIES/@11.3633093,77.6586852,13z/data=!4m10!1m2!2m1!1slungi+in+Erode!3m6!1s0x3ba96f75568acc11:0xa3e706851fe8c!8m2!3d11.3421408!4d77.7269937!15sCg5sdW5naSBpbiBFcm9kZVoQIg5sdW5naSBpbiBlcm9kZZIBE2Nsb3RoaW5nX3dob2xlc2FsZXKaASRDaGREU1VoTk1HOW5TMFZKUTBGblNVUm9iWEZwTm1kQlJSQULgAQD6AQQIABAo!16s%2Fg%2F11qh5bg2dg?entry=ttu&g_ep=EgoyMDI1MTIwOS4wIKXMDSoASAFQAw%3D%3D",lungi,Erode
S.Kumaran Textiles - Manufacturer of Hotel & Hospital Linens in Erode,"
094430 27475",https://skumarantextileserode.com/,"https://www.google.com/maps/place/S.Kumaran+Textiles+-+Manufacturer+of+Hotel+%26+Hospital+Linens+in+Erode/@11.3634719,77.6586851,13z/data=!4m10!1m2!2m1!1sbedsheets+in+Erode!3m6!1s0x3ba9690e3936ab4d:0x41d2eb4f7604aa06!8m2!3d11.3592501!4d77.6955814!15sChJiZWRzaGVldHMgaW4gRXJvZGVaFCISYmVkc2hlZXRzIGluIGVyb2RlkgEMbGluZW5zX3N0b3Jl4AEA!16s%2Fg%2F11h2bclmbb?entry=ttu&g_ep=EgoyMDI1MTIwOS4wIKXMDSoASAFQAw%3D%3D",bedsheets,Erode
SV Tex (Wholesale Only),"
099407 77704",,"https://www.google.com/maps/place/S.Kumaran+Textiles+-+Manufacturer+of+Hotel+%26+Hospital+Linens+in+Erode/@11.3634719,77.6586851,13z/data=!4m10!1m2!2m1!1sbedsheets+in+Erode!3m6!1s0x3ba9690e3936ab4d:0x41d2eb4f7604aa06!8m2!3d11.3592501!4d77.6955814!15sChJiZWRzaGVldHMgaW4gRXJvZGVaFCISYmVkc2hlZXRzIGluIGVyb2RlkgEMbGluZW5zX3N0b3Jl4AEA!16s%2Fg%2F11h2bclmbb?entry=ttu&g_ep=EgoyMDI1MTIwOS4wIKXMDSoASAFQAw%3D%3D",bedsheets,Erode
Manish Mills,"
080 4896 1063",http://manishmills.com/,"https://www.google.com/maps/place/SV+Tex+(Wholesale+Only)/@11.3634719,77.6586851,13z/data=!4m10!1m2!2m1!1sbedsheets+in+Erode!3m6!1s0x3ba96f479cf8888b:0x5dc5477caf5df2af!8m2!3d11.3418249!4d77.7264721!15sChJiZWRzaGVldHMgaW4gRXJvZGVaFCISYmVkc2hlZXRzIGluIGVyb2RlkgEOY2xvdGhpbmdfc3RvcmXgAQA!16s%2Fg%2F11cnsjdqh_?entry=ttu&g_ep=EgoyMDI1MTIwOS4wIKXMDSoASAFQAw%3D%3D",bedsheets,Erode
Sree Bhagyam Prints,"
094422 67123",https://sreebhagyamprints.com/,"https://www.google.com/maps/place/Manish+Mills/@11.3634719,77.6586851,13z/data=!4m10!1m2!2m1!1sbedsheets+in+Erode!3m6!1s0x3ba96f471850abed:0x9e63f206c07c2d6b!8m2!3d11.3420856!4d77.7245836!15sChJiZWRzaGVldHMgaW4gRXJvZGVaFCISYmVkc2hlZXRzIGluIGVyb2RlkgEMbWFudWZhY3R1cmVy4AEA!16s%2Fg%2F1thx2gsv?entry=ttu&g_ep=EgoyMDI1MTIwOS4wIKXMDSoASAFQAw%3D%3D",bedsheets,Erode
Maruthi Prints,"
0424 226 4230",,"https://www.google.com/maps/place/Maruthi+Prints/@11.3634719,77.6586851,13z/data=!4m10!1m2!2m1!1sbedsheets+in+Erode!3m6!1s0x3ba96f46958706a9:0xc5e1e55904cd9781!8m2!3d11.3419651!4d77.7261078!15sChJiZWRzaGVldHMgaW4gRXJvZGVaFCISYmVkc2hlZXRzIGluIGVyb2RlkgENYmVkZGluZ19zdG9yZeABAA!16s%2Fg%2F11gbxgplsb?entry=ttu&g_ep=EgoyMDI1MTIwOS4wIKXMDSoASAFQAw%3D%3D",bedsheets,Erode
"SRI SHAKTHI TEX - Melange, Rotto, Bag cotton fabrics, White shirting fabrics, Bedsheets, fabric wholesale shop erode","
097873 10101",http://www.srishakthitex.in/,"https://www.google.com/maps/place/Maruthi+Prints/@11.3634719,77.6586851,13z/data=!4m10!1m2!2m1!1sbedsheets+in+Erode!3m6!1s0x3ba96f46958706a9:0xc5e1e55904cd9781!8m2!3d11.3419651!4d77.7261078!15sChJiZWRzaGVldHMgaW4gRXJvZGVaFCISYmVkc2hlZXRzIGluIGVyb2RlkgENYmVkZGluZ19zdG9yZeABAA!16s%2Fg%2F11gbxgplsb?entry=ttu&g_ep=EgoyMDI1MTIwOS4wIKXMDSoASAFQAw%3D%3D",bedsheets,Erode
Godawari Home Decor - Bedsheet Curtain Carpet,"
097876 51000",,"https://www.google.com/maps/place/SRI+SHAKTHI+TEX+-+Melange,+Rotto,+Bag+cotton+fabrics,+White+shirting+fabrics,+Bedsheets,+fabric+wholesale+shop+erode/@11.3634719,77.6586851,13z/data=!4m10!1m2!2m1!1sbedsheets+in+Erode!3m6!1s0x3ba96f38c0e81141:0x12fd26623d8c9512!8m2!3d11.3418224!4d77.7220776!15sChJiZWRzaGVldHMgaW4gRXJvZGVaFCISYmVkc2hlZXRzIGluIGVyb2RlkgERZmFicmljX3dob2xlc2FsZXLgAQA!16s%2Fg%2F11c0xh8xx4?entry=ttu&g_ep=EgoyMDI1MTIwOS4wIKXMDSoASAFQAw%3D%3D",bedsheets,Erode
